target,period_days,t0,duration_days,duration_hours,scale_mean,scale_std,scale_skewness,scale_kurtosis,scale_outlier_resistance,local_noise,depth_stability,acf_lag_1h,acf_lag_3h,acf_lag_6h,acf_lag_12h,acf_lag_24h,cadence_hours,depth_mean_per_transit,depth_std_per_transit,npts_transit_median,cdpp_3h,cdpp_6h,cdpp_12h,SES_mean,SES_std,MES,snr_global,snr_per_transit_mean,snr_per_transit_std,resid_rms_global,vshape_metric,secondary_depth,secondary_depth_snr,secondary_depth_snr_log,secondary_depth_snr_capped,odd_even_depth_ratio,ingress_egress_asymmetry,skewness_flux,kurtosis_flux,outlier_resistance,planet_radius_rearth,planet_radius_rjup
HAT-P-7,2.204813310852257,121.33293910104467,0.16690909090909092,4.005818181818182,-0.2538185206448453,0.9999999999999999,-3.2080751863298973,9.888094131724328,0.021499947222980233,0.00017484038734579175,0.11097252391699684,0.6914540405104741,0.06133111703637693,-0.05701555199620872,-0.07327543324060914,-0.06159880776715456,0.01634676317917183,0.007142575657400548,0.001005876471815551,1013.0,632.263605779989,968.4154688281035,1346.9276455922115,9.587785409777032,1.3502310963298916,242.8332054841413,9.587785409777032,9.587785409777032,1.3502310963298916,0.0015790774334784965,0.9135990276776911,0.00028652862099198817,1117.488131246259,0.3254254792040589,0.3846196475334666,0.9999262873946005,-0.0017180691256866304,-3.2080751863298973,9.888094131724328,0.021499947222980233,18.357918407119833,1.674255620081048
