target,period_days,t0,duration_days,duration_hours,scale_mean,scale_std,scale_skewness,scale_kurtosis,scale_outlier_resistance,local_noise,depth_stability,acf_lag_1h,acf_lag_3h,acf_lag_6h,acf_lag_12h,acf_lag_24h,cadence_hours,depth_mean_per_transit,depth_std_per_transit,npts_transit_median,cdpp_3h,cdpp_6h,cdpp_12h,SES_mean,SES_std,MES,snr_global,snr_per_transit_mean,snr_per_transit_std,resid_rms_global,vshape_metric,secondary_depth,secondary_depth_snr,secondary_depth_snr_log,secondary_depth_snr_capped,odd_even_depth_ratio,ingress_egress_asymmetry,skewness_flux,kurtosis_flux,outlier_resistance,planet_radius_rearth,planet_radius_rjup
Kepler-5b,3.5483439840495032,122.92091048665344,0.1971361212121212,4.731266909090909,-0.14538162004549726,1.0,-3.017096347870954,11.597933061898946,0.5361120397633212,0.0006588644849976678,0.040881310378131114,0.5069640723705201,0.034106833417207646,-0.024930264350960074,-0.03071196893294931,-0.021179417095825916,0.016346846998203546,0.007277616529680546,0.0008489044101911534,1164.5,868.462261894688,1050.8045716128493,1269.0274215544043,7.474264445615632,0.8718425909006449,148.60567962718616,7.474264445615632,7.474264445615632,0.8718425909006449,0.001423518190029704,0.9355181322416091,0.0010845588440732135,813.9775732672005,0.7485178480736723,1.1138646250972826,1.000780237914494,0.0024271265240473627,-3.017096347870954,11.597933061898946,0.5361120397633212,16.25038198358437,1.482046752856686
