target,period_days,t0,duration_days,duration_hours,scale_mean,scale_std,scale_skewness,scale_kurtosis,scale_outlier_resistance,local_noise,depth_stability,acf_lag_1h,acf_lag_3h,acf_lag_6h,acf_lag_12h,acf_lag_24h,cadence_hours,depth_mean_per_transit,depth_std_per_transit,npts_transit_median,cdpp_3h,cdpp_6h,cdpp_12h,SES_mean,SES_std,MES,snr_global,snr_per_transit_mean,snr_per_transit_std,resid_rms_global,vshape_metric,secondary_depth,secondary_depth_snr,secondary_depth_snr_log,secondary_depth_snr_capped,odd_even_depth_ratio,ingress_egress_asymmetry,skewness_flux,kurtosis_flux,outlier_resistance,planet_radius_rearth,planet_radius_rjup
Kepler-186f,34.1671675297128,139.8197846992798,0.5233333333333333,12.559999999999999,-0.0009434583017057288,1.0554962438480933,-0.02312799090596772,0.9424079172700357,0.055119341323871175,0.001646488379585593,0.47827478197590606,0.1810485502746575,0.13873800843188597,0.08576153082102295,0.028088602215721976,0.08026210918571591,0.016346986696589738,0.0032428573931136354,0.002293431157490039,754.0,1467.3419632169307,1484.8806884869596,1512.3240864693896,2.1442873403440124,1.5164944987712194,17.02070498058305,2.144287340344012,2.1442873403440124,1.5164944987712194,0.001646488379585593,0.03386208562655343,0.0028552630580642724,389.590547562815,1.0605631180904163,1.8879968147105646,1.0731930331753934,-0.0042093299446822885,-0.02312799090596772,0.9424079172700357,0.055119341323871175,2.9510888522337195,0.2691414672752109
