target,period_days,t0,duration_days,duration_hours,scale_mean,scale_std,scale_skewness,scale_kurtosis,scale_outlier_resistance,local_noise,depth_stability,acf_lag_1h,acf_lag_3h,acf_lag_6h,acf_lag_12h,acf_lag_24h,cadence_hours,depth_mean_per_transit,depth_std_per_transit,npts_transit_median,cdpp_3h,cdpp_6h,cdpp_12h,SES_mean,SES_std,MES,snr_global,snr_per_transit_mean,snr_per_transit_std,resid_rms_global,vshape_metric,secondary_depth,secondary_depth_snr,secondary_depth_snr_log,secondary_depth_snr_capped,odd_even_depth_ratio,ingress_egress_asymmetry,skewness_flux,kurtosis_flux,outlier_resistance,planet_radius_rearth,planet_radius_rjup
Kepler-447,6.468662813248938,122.7338091374273,0.6,14.399999999999999,-0.07144809820201474,1.0,-3.36602113187946,28.88568532639162,0.5828411563568542,0.0014267969344422388,0.6316920792456886,0.9628353490687469,0.9158437388606958,0.8202663725263162,0.5789994476131187,0.27019596735948614,0.49040471389889717,0.0018376016093152577,0.0019296932798206522,232.0,213.3649441717147,260.2434061173983,326.2651021065488,5.63223463818435,5.914494891919118,107.42287379499517,5.632234638184349,5.63223463818435,5.914494891919118,0.0014267969344422388,0.12578082599181042,0.0016922571344643034,201.15407094124038,1.822410709068877,5.186754953374268,1.007508853059203,-0.0011030195379028891,-3.36602113187946,28.88568532639162,0.5828411563568542,4.110922665485526,0.3749191615176991
